{"bigram": [0.1, 13.225124444839032, 9575.449149327107], "trigram": [0.01, 14.159908223480418, 18304.46800107179], "interpolated": [0.001, 0.5, 12.865048054124225, 7460.455769840212]}